FID,Id,Flood_poi,NEAR_FID,NEAR_DIST,DEM_FINAL,Slope,Aspect,Curvature
0,0,1,5,725.883133621999946,2360.1398926,40.3325996,121.5820007,-1.6980600
1,0,1,5,679.038226201000043,2178.1799316,35.1155014,27.4032001,-2.7950001
2,0,1,5,679.038226201000043,2178.1799316,35.1155014,27.4032001,-2.7950001
3,0,1,5,0.000000000000000,1871.8199463,25.2733994,253.6670074,2.6876500
4,0,1,5,702.460679912000046,2333.0300293,19.6408997,98.3720016,4.0246501
5,0,1,5,0.000000000000000,1949.0100098,58.0676003,263.2330017,1.1329600
6,0,1,5,0.000000000000000,1965.3499756,55.2839012,318.0639954,1.1557600
7,0,1,5,873.231660600000055,2527.8200684,31.8906002,272.3919983,-1.2032501
8,0,1,5,0.000000000000000,1849.4899902,8.0026503,293.1560059,-2.9136300
9,0,1,5,0.000000000000000,1849.4899902,8.0026503,293.1560059,-2.9136300
10,0,1,5,0.000000000000000,1849.4899902,8.0026503,293.1560059,-2.9136300
11,0,1,5,812.709639479999964,2082.2900391,44.3073006,168.7010040,0.0826582
12,0,1,5,832.348832304999974,2516.6499023,49.8922005,111.2529984,4.8961701
13,0,1,5,781.671159732999968,2427.9899902,29.3873005,308.7439880,-1.7385000
14,0,1,5,728.319925217999980,2294.0400391,37.5838013,95.8620987,-1.3520499
15,0,1,5,746.665515272999983,2366.8400879,38.4772987,209.0529938,2.1751900
16,0,1,8,0.000000000000000,3618.1599121,37.1147003,151.2200012,0.9901830
17,0,1,12,1046.580325970000104,3960.6599121,36.2843018,240.1009979,-0.2568440
18,0,1,8,711.105407818999993,3900.6000977,20.6333008,257.4599915,0.4333870
19,0,1,8,0.000000000116415,3387.3898926,43.1473999,277.3259888,0.5152830
20,0,1,8,0.000000000000000,3183.1999512,34.3088989,236.9819946,-0.5797450
21,0,1,8,849.742975301999991,3401.6599121,28.1473999,226.7640076,1.0933400
22,0,1,8,676.652115403000039,3086.4199219,43.6029015,87.8139038,3.6565900
23,0,1,8,405.866784992000021,3177.0600586,41.5777016,128.6190033,1.4212600
24,0,1,8,0.000000000000000,3116.2800293,15.2237997,182.6470032,-0.1583060
25,0,1,8,0.000000000116415,3180.7900391,43.5621986,297.2749939,1.8434100
26,0,1,12,468.175682707000021,3429.3500977,45.5634003,277.1749878,2.2863100
27,0,1,8,444.420592397999997,3505.8000488,23.1835995,236.6089935,-2.5030501
28,0,1,12,454.828712709000001,3433.9499512,23.9456997,314.0729980,0.0376810
29,0,1,8,394.040781094000010,3297.4599609,44.5912018,324.9299927,1.6580300
30,0,1,5,371.973415726999974,1960.4200439,36.2728004,159.5449982,-2.1007900
31,0,1,5,482.091162297999972,2318.7099609,32.6335983,320.1709900,0.0105130
32,0,1,12,0.000000000116415,3194.9599609,38.5793991,228.6369934,-1.3542300
33,0,1,8,0.000000000116415,2944.0300293,35.2062988,282.0690002,1.7834500
34,0,1,12,0.000000000000000,3031.7600098,40.4376984,230.8500061,-0.3455510
35,0,1,8,0.000000000000000,2813.1699219,23.4309998,337.8810120,-3.3758399
36,0,1,8,676.652115403000039,3086.4199219,43.6029015,87.8139038,3.6565900
37,0,1,8,411.842925459000014,3026.8999023,39.7514000,141.4069977,1.0066500
38,0,1,8,0.000000000232831,2832.9399414,24.3311996,129.4060059,0.0393713
39,0,1,8,423.618796433999989,3090.7500000,44.6581001,289.5199890,-1.4797000
40,0,1,8,0.000000000000000,2840.0300293,36.9677010,248.4839935,-1.2028000
41,0,1,8,0.000000000000000,2761.3000488,15.6215000,264.5929871,1.2742200
42,0,1,8,454.705744225999979,3101.8898926,34.1427994,336.9670105,0.3310580
43,0,1,8,0.000000000520625,2730.0000000,30.4797001,42.7309990,-2.0220599
44,0,1,8,0.000000000520625,2730.0000000,30.4797001,42.7309990,-2.0220599
45,0,1,8,0.000000000000000,2558.2800293,19.4794006,314.5530090,-2.2310500
46,0,1,7,0.000000000000000,2502.2099609,32.9275017,297.5880127,0.4706340
47,0,1,8,0.000000000116415,2606.8200684,43.5943985,308.2539978,-1.2343301
48,0,1,7,0.000000000116415,2860.7800293,25.8369007,310.0329895,-5.7392001
49,0,1,7,377.871207884999990,2656.5800781,51.2546997,258.9270020,0.5498980
50,0,1,7,0.000000000000000,2390.7700195,32.3890991,289.7650146,0.1513020
51,0,1,7,435.751512304000016,2509.6699219,36.3004990,292.7260132,-3.9446499
52,0,1,7,0.000000000000000,2464.9799805,30.7649994,297.6210022,-1.2612000
53,0,1,8,405.327847124000016,2540.5600586,6.6685300,64.9160004,0.0736793
54,0,1,7,414.466636001999973,2838.4399414,56.3380013,237.0670013,1.4307100
55,0,1,7,469.806172279999998,2215.8701172,19.3143005,297.8030090,-0.7416760
56,0,1,7,0.000000000465661,1915.4200439,49.7611008,8.7990999,5.5051298
57,0,1,7,471.599373920999994,2184.6201172,35.4053993,302.6250000,-2.6231301
58,0,1,7,0.000000000116415,2112.2399902,19.0631008,28.7625008,-0.4446530
59,0,1,7,0.000000000479993,2201.6101074,53.1077003,151.6569977,-0.0999803
60,0,1,7,752.961797133999994,2677.6599121,57.9123993,235.2120056,-2.2600999
61,0,1,7,523.403545047999955,2388.8100586,36.7440987,302.9590149,1.3375100
62,0,1,7,0.000000000116415,2313.6899414,38.5513992,165.3600006,-0.4409550
63,0,1,7,396.475591450000024,2297.1398926,45.5205002,208.7010040,0.7365520
64,0,1,7,525.676228723999998,1159.9899902,6.3459301,115.1370010,-0.0846086
65,0,1,5,0.000000000479993,1159.0000000,20.4568996,9.2913704,-0.1482380
66,0,1,5,0.000000000000000,1141.6500244,8.9289999,223.0570068,-0.2017590
67,0,1,5,0.000000000000000,1189.4499512,13.8809996,338.1629944,-0.0770617
68,0,1,5,0.000000000000000,1182.9000244,23.6980991,236.6510010,-0.5405780
69,0,1,20,0.000000000000000,1299.0999756,29.2229004,236.5059967,1.7910800
70,0,1,5,468.808320528000024,1242.7800293,22.2255993,235.6109924,-1.8356700
71,0,1,20,0.000000000000000,1367.9399414,41.8065987,168.8309937,1.0893000
72,0,1,5,0.000000000479993,1368.1600342,21.6341000,209.7409973,-0.2562970
73,0,1,5,0.000000000000000,1410.5200195,19.0736008,173.4100037,1.0678800
74,0,1,5,0.000000000479993,1314.6400146,21.6630993,180.9290009,-0.0547592
75,0,1,5,47.689793629900002,1332.0300293,23.8558998,200.6640015,-0.6932720
76,0,1,5,47.689793629900002,1332.0300293,23.8558998,200.6640015,-0.6932720
77,0,1,5,0.000000000000000,1408.4899902,20.0888004,134.8209991,3.3478899
78,0,1,5,0.000000000000000,1408.4899902,20.0888004,134.8209991,3.3478899
79,0,1,5,0.000000000000000,1370.6800537,47.2322998,337.5690002,-0.8060590
80,0,1,5,462.989243767999994,1313.4699707,16.2063007,68.7129974,1.6243401
81,0,1,5,389.320073227000023,1486.8900146,36.4724007,17.0606003,0.4506490
82,0,1,5,0.000000000520625,1278.7800293,14.0400000,186.6959991,0.6224400
83,0,1,5,517.166470775999983,1509.7700195,29.5363007,318.4989929,-0.1828250
84,0,1,5,0.000000000116415,1326.5899658,22.0804996,288.5799866,-0.7309810
85,0,1,5,495.858737850000011,1657.8199463,33.8456993,289.3320007,0.1726120
86,0,1,5,0.000000000000000,1312.0699463,16.1550007,49.0890007,-1.8966700
87,0,1,19,0.000000000116415,1512.4599609,32.3228989,9.7198601,-1.1277699
88,0,1,19,0.000000000116415,1512.4599609,32.3228989,9.7198601,-1.1277699
89,0,1,19,0.000000000000000,1367.0000000,3.6561100,146.2100067,-0.9981480
90,0,1,5,786.922621857999957,1822.3599854,41.6882019,138.7120056,-0.0000000
91,0,1,7,0.000000000000000,1582.3100586,17.7192001,328.7980042,1.2095799
92,0,1,7,0.000000000000000,1509.6899414,53.6174011,275.8569946,-1.5362600
93,0,1,7,0.000000000465661,1644.4599609,8.5311003,271.0530090,-3.3757200
94,0,1,7,0.000000000465661,1688.1300049,32.5568008,164.0970001,-1.0441200
95,0,1,7,0.000000000000000,1750.5999756,11.1118002,262.9549866,-3.5983601
96,0,1,7,0.000000000465661,1915.4200439,49.7611008,8.7990999,5.5051298
97,0,1,7,471.599373920999994,2184.6201172,35.4053993,302.6250000,-2.6231301
98,0,1,7,0.000000000465661,1980.9300537,19.8029003,305.9469910,-0.3549950
99,0,1,7,0.000000000116415,2112.2399902,19.0631008,28.7625008,-0.4446530
100,0,1,7,0.000000000000000,2927.2399902,45.0838013,223.0229950,-2.2072501
101,0,1,7,0.000000000000000,3062.2500000,31.9641991,300.1289978,0.9892140
102,0,1,13,0.000000000116415,3182.8601074,11.5688000,26.4748993,-0.4220280
103,0,1,13,0.000000000116415,3182.8601074,11.5688000,26.4748993,-0.4220280
104,0,1,9,468.196901669999988,3531.3000488,42.8745003,170.3079987,1.5259500
105,0,1,9,0.000000000000000,3267.8701172,32.0917015,292.1499939,-1.2860000
106,0,1,9,0.000000000116415,3148.9799805,13.2636003,245.2940063,-0.2163540
107,0,1,9,0.000000000116415,3148.9799805,13.2636003,245.2940063,-0.2163540
108,0,1,12,0.000000000520625,3336.1398926,31.4218998,2.5727201,0.0772518
109,0,1,12,0.000000000520625,3336.1398926,31.4218998,2.5727201,0.0772518
110,0,1,12,0.000000000000000,3533.8601074,33.6352005,263.4630127,0.4255230
111,0,1,12,0.000000000000000,3729.2900391,23.2339001,53.2204018,2.1065199
112,0,0,7,0.000000000000000,1268.9300537,12.3049002,286.9570007,-0.5957460
113,0,1,5,0.000000000116415,1312.6500244,37.4006996,218.8170013,-0.9746910
114,0,1,5,0.000000000000000,1105.2800293,18.3957996,49.4870987,0.6713890
115,0,1,5,0.000000000465661,1107.5699463,5.2696199,209.4839935,1.9410599
116,0,1,20,0.000000000000000,1211.2500000,5.2484798,174.8309937,-0.1923890
117,0,1,20,377.200456524000003,1236.6300049,39.8487015,288.0239868,-7.5265002
118,0,1,20,523.149884121000014,1216.6600342,23.8602009,10.8653002,0.6894480
119,0,1,20,0.000000000000000,1299.0999756,29.2229004,236.5059967,1.7910800
120,0,1,5,0.000000000465661,1248.5699463,16.5249996,208.8630066,0.7365800
121,0,1,5,507.216742609999983,1239.1300049,9.9941998,10.5393000,-0.6928120
122,0,1,5,0.000000000465661,1095.1300049,15.6840000,136.2749939,0.4780000
123,0,0,5,0.000000000000000,1098.5699463,13.1703997,182.5690002,-0.0131427
124,0,0,5,0.000000000000000,1310.5000000,24.0923004,39.1931000,0.1487880
125,0,1,5,0.000000000000000,1055.1700439,6.0620499,28.7880993,-0.5458510
126,0,0,5,0.000000000000000,1098.5699463,13.1703997,182.5690002,-0.0131427
127,0,0,5,0.000000000465661,1066.2900391,7.6079302,64.7645035,1.0684500
128,0,1,5,0.000000000000000,1144.5100098,37.9522018,338.1690063,0.9545370
129,0,1,5,0.000000000000000,1191.7700195,51.1689987,34.1827011,0.2705060
130,0,1,5,0.000000000000000,1144.5100098,37.9522018,338.1690063,0.9545370
131,0,1,5,0.000000000000000,1037.9499512,11.5240002,54.6347008,-0.3689620
132,0,1,5,0.000000000000000,1055.1700439,6.0620499,28.7880993,-0.5458510
133,0,1,5,0.000000000000000,1101.7800293,15.3504000,339.2319946,-1.2444201
134,0,1,5,0.000000000000000,1004.4099731,3.1933999,262.1770020,-0.3334220
135,0,1,5,0.000000000000000,1085.1999512,5.4383502,209.3480072,1.1110500
136,0,1,5,0.000000000465661,1095.1300049,15.6840000,136.2749939,0.4780000
137,0,1,6,0.000000000000000,1013.9600220,6.2571201,248.3130035,1.8448000
138,0,1,6,0.000000000116415,1193.8100586,36.3860016,305.6879883,0.3378160
139,0,1,20,0.000000000479993,1974.0999756,33.1759987,32.9039993,1.9187300
140,0,1,20,0.000000000116415,1743.1700439,12.4245996,280.8619995,-4.3171101
141,0,1,20,0.000000000000000,1627.0300293,44.9197006,80.1324997,-1.3253400
142,0,1,19,0.000000000000000,1761.1999512,28.3959999,79.7332993,-0.1133900
143,0,1,5,0.000000000000000,1479.5999756,26.8418999,53.8306007,0.9691490
144,0,1,5,0.000000000000000,1515.4799805,8.1150303,240.0619965,-0.7723670
145,0,1,14,0.000000000465661,1795.1600342,35.0513000,265.0740051,-0.5771540
146,0,1,14,0.000000000000000,1771.0400391,38.6239014,57.1866989,1.4761600
147,0,1,14,0.000000000116415,1494.3399658,25.0755997,305.9460144,-2.0973799
148,0,1,5,0.000000000000000,1479.5999756,26.8418999,53.8306007,0.9691490
149,0,1,5,0.000000000116415,1563.1600342,42.2251015,293.7940063,-0.4992510
150,0,1,5,0.000000000232831,1558.0799561,33.4202003,168.2519989,0.3581480
151,0,1,5,0.000000000232831,1436.0300293,19.7751999,140.7169952,2.0011499
152,0,1,5,0.000000000116415,1445.6800537,18.0757008,124.9840012,-1.2064000
153,0,1,5,0.000000000116415,1642.1099854,31.3892994,229.1009979,-1.8340200
154,0,1,8,0.000000000000000,3084.6201172,44.9659004,7.9419398,1.4120899
155,0,1,8,0.000000000000000,2535.9399414,10.3620996,343.2749939,-1.2775900
156,0,1,8,0.000000000000000,2175.5500488,32.7486992,148.6490021,-0.8566970
157,0,1,8,0.000000000000000,2175.5500488,32.7486992,148.6490021,-0.8566970
158,0,1,8,0.000000000000000,2368.1899414,40.6958008,312.6489868,-0.5523730
159,0,1,8,0.000000000000000,2663.2800293,16.1238995,190.6580048,-0.1947410
160,0,1,9,0.000000000000000,3242.1201172,28.4151993,142.0030060,-2.5458200
161,0,1,8,1139.780638219999901,3014.3200684,31.3966999,39.5852013,1.3128200
162,0,1,8,1139.780638219999901,3014.3200684,31.3966999,39.5852013,1.3128200
163,0,1,8,1899.850637230000075,4213.7700195,26.7191010,202.8110046,-1.1637700
164,0,1,8,0.000000000000000,3543.2800293,35.2554016,155.1309967,1.1405300
165,0,1,8,0.000000000000000,3349.7299805,38.1355019,344.7170105,4.5328102
166,0,1,9,0.000000000000000,3344.0400391,11.2770996,9.7128496,1.4080900
167,0,1,8,0.000000000000000,3349.7299805,38.1355019,344.7170105,4.5328102
168,0,1,8,0.000000000000000,3543.2800293,35.2554016,155.1309967,1.1405300
169,0,1,8,0.000000000000000,3747.4699707,46.8289986,126.4609985,1.5322300
170,0,1,8,0.000000000000000,3943.6699219,28.0571995,348.5939941,-0.3043370
171,0,1,8,0.000000000000000,3618.1599121,37.1147003,151.2200012,0.9901830
172,0,1,0,0.000000000000000,2044.0400391,26.6861992,174.1759949,0.2433600
173,0,1,2,0.000000000000000,2182.5000000,31.3570995,287.7330017,0.3428100
174,0,1,32,0.000000000000000,2746.1599121,43.0550995,93.4274979,1.4457000
175,0,1,31,0.000000000000000,2343.6999512,42.3712006,343.6910095,-2.0061901
176,0,1,31,0.000000000000000,2343.6999512,42.3712006,343.6910095,-2.0061901
177,0,0,31,0.000000000000000,2516.4499512,27.9438992,265.8030090,1.2281200
178,0,0,31,0.000000000000000,2516.4499512,27.9438992,265.8030090,1.2281200
179,0,0,1,0.000000000000000,2439.4499512,31.7287998,223.8260040,-0.6050390
180,0,1,1,0.000000000000000,2797.6499023,45.2946014,34.3543015,0.5547350
181,0,1,3,0.000000000000000,3499.3701172,44.5847015,328.2510071,-1.1608000
182,0,1,3,0.000000000000000,4506.1899414,40.3361015,139.9029999,1.2832500
183,0,1,3,1592.703651730000047,4938.9501953,19.8778000,182.1920013,1.2354701
184,0,1,2,0.000000000000000,2228.7500000,23.9792004,343.1579895,-1.7197400
185,0,1,2,0.000000000000000,2686.5900879,54.2490005,169.1320038,2.3173800
186,0,1,30,0.000000000000000,1681.0000000,26.1828995,102.5210037,-1.5673400
187,0,1,30,0.000000000000000,2026.0999756,54.6837997,300.1210022,0.6156320
188,0,1,0,1590.791947409999921,2242.3300781,22.8346996,18.3927002,-0.8517970
189,0,1,0,0.000000000000000,2134.6599121,57.4020996,157.0260010,11.4336004
190,0,1,0,0.000000000465661,1560.3699951,30.3490009,114.8109970,0.7079030
191,0,1,22,0.000000000232831,1635.5899658,35.0774994,315.0920105,0.6315850
192,0,1,22,868.715773947000002,2088.0700684,42.8851013,87.7313995,-7.5854101
193,0,0,22,0.000000000000000,2122.0900879,48.9057007,29.1254005,-2.7444401
194,0,1,22,0.000000000000000,1725.5999756,15.0962000,340.1950073,0.1312860
195,0,1,0,0.000000000116415,1561.1500244,37.6839981,98.1354980,-1.3792500
196,0,1,19,0.000000000116415,1675.4399414,20.4564991,103.8990021,-0.6071090
197,0,1,19,0.000000000000000,1761.1999512,28.3959999,79.7332993,-0.1133900
198,0,1,19,0.000000000232831,2009.1999512,37.9295998,26.2380009,0.2681450
199,0,1,19,0.000000000116415,2415.9199219,20.1580009,287.4500122,-1.4320800
200,0,0,19,0.000000000000000,2773.8898926,37.6705017,348.9289856,0.3275040
201,0,1,14,0.000000000000000,1910.7800293,40.3250008,97.4980011,1.6805500
202,0,1,14,0.000000000000000,2094.5400391,24.0610008,339.4379883,0.2161140
203,0,1,15,0.000000000000000,2355.6000977,41.2514992,269.8139954,-0.8716390
204,0,1,15,0.000000000000000,2441.1101074,31.8013992,264.5989990,-1.4808400
205,0,1,15,0.000000000000000,2123.1201172,37.4896011,165.3910065,-1.4764301
206,0,1,15,0.000000000000000,2123.1201172,37.4896011,165.3910065,-1.4764301
207,0,1,21,0.000000000000000,3301.5400391,15.4366999,150.7070007,-0.5602360
208,0,1,21,0.000000000000000,3136.8000488,25.0398006,28.7296009,-3.3104000
209,0,1,21,0.000000000000000,2999.6398926,26.0480003,313.8290100,0.6319660
210,0,1,21,0.000000000000000,2393.8701172,26.4664001,37.3647003,-1.0840200
211,0,1,21,0.000000000000000,2511.2700195,57.2574997,165.4539948,-0.8277000
212,0,1,21,0.000000000000000,2511.2700195,57.2574997,165.4539948,-0.8277000
213,0,1,4,0.000000000116415,2550.0400391,54.9733009,104.1809998,1.2224500
214,0,1,4,0.000000000116415,2158.7900391,26.3731003,119.0759964,0.5241280
215,0,1,4,0.000000000116415,2027.1999512,6.2400298,239.1159973,-2.8458900
216,0,1,4,472.848936304000006,2468.3701172,19.8717995,264.4880066,-1.1223100
217,0,1,4,0.000000000116415,2032.3000488,23.1606007,308.2250061,0.4042250
218,0,1,4,265.611226986000020,2252.3601074,41.9654007,313.7550049,0.9963590
219,0,1,4,265.611226986000020,2252.3601074,41.9654007,313.7550049,0.9963590
220,0,1,4,0.000000000116415,2158.7900391,26.3731003,119.0759964,0.5241280
221,0,1,4,2042.604254840000067,2504.8999023,35.7458000,234.5260010,-0.3553390
222,0,1,4,0.000000000116415,2550.0400391,54.9733009,104.1809998,1.2224500
223,0,1,21,0.000000000000000,2194.9599609,65.9084015,284.0230103,-4.5890999
224,0,1,4,0.000000000232831,2229.9399414,13.5269003,239.5449982,1.8758900
225,0,1,4,249.669864732000008,2517.9899902,52.7671013,304.1610107,-0.3016430
226,0,1,9,0.000000000000000,3242.1201172,28.4151993,142.0030060,-2.5458200
227,0,1,9,0.000000000000000,3747.8798828,28.5489998,19.6021004,0.0126509
228,0,1,9,0.000000000000000,3747.8798828,28.5489998,19.6021004,0.0126509
229,0,1,9,0.000000000116415,3896.4699707,42.4452019,276.3030090,1.5641800
230,0,1,9,0.000000000116415,3896.4699707,42.4452019,276.3030090,1.5641800
231,0,1,2,0.000000000465661,3596.5400391,19.3122997,264.4519958,-0.8657730
232,0,1,2,0.000000000000000,3387.5800781,7.0361500,286.9110107,-2.1119101
233,0,1,2,0.000000000465661,3274.4399414,10.1674004,43.2224998,-0.3222100
234,0,1,2,0.000000000000000,3034.3999023,32.0190010,173.1020050,-0.7488710
235,0,1,18,0.000000000000000,2684.4199219,42.3406982,205.8419952,1.8149400
236,0,1,15,0.000000000000000,2441.1101074,31.8013992,264.5989990,-1.4808400
237,0,1,15,0.000000000000000,2408.7199707,45.7411003,195.8619995,-1.6549300
238,0,1,15,0.000000000116415,2555.0400391,30.4414005,12.4141998,0.7736600
239,0,1,18,0.000000000000000,2908.4799805,8.7221899,274.5130005,0.0318259
240,0,1,18,0.000000000000000,2908.4799805,8.7221899,274.5130005,0.0318259
241,0,0,18,857.251714504999995,3502.9299316,5.5258999,351.9360046,0.2454930
242,0,1,15,0.000000000000000,3005.3400879,24.1693001,337.6220093,-0.1723240
243,0,1,18,0.000000000000000,2684.4199219,42.3406982,205.8419952,1.8149400
244,0,1,15,1341.047768229999974,4080.1499023,25.0233002,71.9255981,-2.0383501
245,0,1,16,0.000000000000000,3431.6201172,42.6677017,298.9779968,0.1156900
246,0,1,15,0.000000000465661,3107.4599609,40.7733994,7.9238801,0.6740620
247,0,1,15,0.000000000000000,3005.3400879,24.1693001,337.6220093,-0.1723240
248,0,1,15,139.383957976999994,3205.5300293,43.2182999,340.7099915,1.9015100
249,0,1,5,0.000000000465661,1649.5799561,34.2067986,30.7313004,1.7543100
250,0,1,5,1343.300634219999893,2263.9099121,44.5177002,87.8927994,2.2583699
251,0,1,5,1008.476800690000005,1965.1800537,30.2868996,319.4519958,-1.4387000
252,0,1,5,0.000000000000000,1575.4300537,23.1945000,104.9000015,-2.1618600
253,0,1,5,137.053253632999997,1602.5000000,9.6197701,180.7559967,-2.2163501
254,0,1,22,0.000000000520625,2006.0200195,34.4319992,49.2043991,0.1958010
255,0,1,29,0.000000000000000,1882.1199951,40.5830002,216.4239960,-1.7803700
256,0,1,29,0.000000000000000,1552.7099609,33.2280006,60.8153992,1.0046800
257,0,1,29,0.000000000000000,1882.1199951,40.5830002,216.4239960,-1.7803700
258,0,1,0,0.000000000000000,1217.0899658,8.0869799,340.5910034,-0.5337720
259,0,1,0,0.000000000000000,1217.0899658,8.0869799,340.5910034,-0.5337720
260,0,1,28,0.000000000000000,1319.8499756,10.9919004,237.0839996,1.4849100
261,0,1,28,0.000000000000000,1429.8299561,36.1572990,223.6210022,0.6353920
262,0,1,0,0.000000000000000,1217.0899658,8.0869799,340.5910034,-0.5337720
263,0,1,28,0.000000000000000,1319.8499756,10.9919004,237.0839996,1.4849100
264,0,1,0,0.000000000000000,1422.8900146,41.8552017,188.8269958,1.3065799
265,0,1,0,0.000000000000000,1422.8900146,41.8552017,188.8269958,1.3065799
266,0,1,23,0.000000000520625,1508.4499512,32.0191994,228.9640045,-0.3738810
267,0,1,23,0.000000000000000,1577.6199951,27.7437000,153.4309998,-0.0338072
268,0,1,0,0.000000000000000,1422.8900146,41.8552017,188.8269958,1.3065799
269,0,1,0,0.000000000116415,1401.9100342,35.9323997,81.6426010,-8.3210297
270,0,1,27,0.000000000000000,1162.1300049,10.4581003,235.5870056,0.0067811
271,0,1,27,0.000000000000000,1226.3199463,9.0508099,203.4160004,-0.4347570
272,0,1,27,0.000000000000000,1214.7099609,31.4640999,52.6697998,-0.8085440
273,0,1,0,0.000000000116415,1095.6099854,6.8239398,160.7169952,0.7801620
274,0,1,0,0.000000000465661,1169.3699951,9.3275499,120.1119995,0.0853605
275,0,1,0,397.475554148000015,1105.0000000,1.2108901,194.4909973,-0.4470320
276,0,1,0,0.000000000000000,1119.5600586,16.7254009,52.4986000,-2.8625400
277,0,1,0,0.000000000000000,1027.7600098,29.5673008,74.6428986,-1.9414200
278,0,1,0,0.000000000000000,1081.7600098,13.2468004,212.4920044,-0.3713670
279,0,1,0,394.823147568000024,1132.9300537,1.9695899,191.5590057,0.3775080
280,0,1,0,0.000000000000000,1074.6999512,15.1950998,191.7030029,-0.3825080
281,0,0,24,7253.353178219999791,1925.5000000,44.0761986,60.2641983,-1.7837900
282,0,0,24,7170.662006219999967,1962.2399902,22.7026997,84.1242981,-0.6187730
283,0,0,24,8103.569217860000208,1922.2600098,26.3519001,355.2980042,-0.3712530
284,0,0,24,9044.163785830000052,1657.0699463,14.6583004,27.4386997,-0.2494170
285,0,0,24,8951.853939000000537,1750.8800049,28.3066998,292.2919922,2.2878001
286,0,0,24,8977.974150939999163,2008.9100342,34.0028000,16.1266003,-0.4256680
287,0,0,24,6831.850444059999973,2192.4599609,42.2099991,192.4040070,0.9303830
288,0,0,24,3527.013045990000137,2033.3299561,15.6989002,174.7579956,1.5299100
289,0,0,24,3341.412409600000046,1488.3599854,30.8722992,136.7890015,-0.6847400
290,0,0,25,3435.293201240000144,1577.5699463,10.1484003,217.9470062,-0.1923690
291,0,0,25,7925.281683569999586,1986.0400391,21.9696007,348.6799927,-0.2119070
292,0,0,28,9401.666544649999196,2993.7700195,23.8663998,263.3240051,-0.5407360
293,0,0,28,11049.346487299999353,2814.2099609,34.6712990,62.3199997,0.2531430
294,0,0,29,9863.144366820000869,2781.4799805,26.0792999,176.7310028,-1.6278700
295,0,0,29,8860.896763099999589,2464.2800293,31.2863998,311.3229980,-0.9082650
296,0,0,28,8709.150707419999890,2435.5400391,18.5242996,211.4949951,0.4317550
297,0,0,28,6549.826822889999676,2834.1499023,12.8204002,223.3569946,2.0235400
298,0,0,28,10279.755562700000155,2340.2600098,28.8013000,335.8420105,-0.3251510
299,0,0,24,9711.525353610000820,2424.3601074,30.0729008,335.8439941,-0.9299880
300,0,0,24,9711.525353610000820,2424.3601074,30.0729008,335.8439941,-0.9299880
301,0,0,24,10094.004391500000565,1904.7500000,11.3317003,267.4530029,0.8325470
302,0,0,24,8938.471521679999569,1985.6800537,20.1590004,318.6700134,-1.4780999
303,0,0,24,5762.646243680000225,1536.4000244,12.1617002,329.2070007,1.1584700
304,0,0,24,3490.602263579999999,1892.2299805,6.9727201,38.0497017,1.4395200
305,0,0,24,4677.375753020000047,1670.3299561,26.2453995,168.4010010,-0.6626540
306,0,0,0,7427.157749009999861,1672.0500488,26.6436005,15.2670002,0.7123310
307,0,0,0,6360.079105969999546,1815.8599854,25.7299004,250.8869934,-0.1042790
308,0,0,0,8456.444894079999358,1710.6600342,4.2174501,307.2130127,1.0435300
309,0,0,0,8456.444894079999358,1710.6600342,4.2174501,307.2130127,1.0435300
310,0,0,0,7386.176962649999950,1614.4899902,6.8586102,6.9718599,0.3049660
311,0,0,0,7386.176962649999950,1614.4899902,6.8586102,6.9718599,0.3049660
312,0,0,0,7386.176962649999950,1614.4899902,6.8586102,6.9718599,0.3049660
313,0,0,0,8276.595026040000448,2158.4099121,46.7597008,300.9419861,2.0493701
314,0,0,0,8195.647929369999474,1822.0999756,30.8953991,175.5679932,-1.3928601
315,0,0,0,8195.647929369999474,1822.0999756,30.8953991,175.5679932,-1.3928601
316,0,0,0,9677.602468450000742,1765.9899902,37.6910019,314.7929993,1.6003799
317,0,0,0,9786.569713970000521,1936.0400391,32.2459984,172.6060028,-2.3868599
318,0,0,0,9786.569713970000521,1936.0400391,32.2459984,172.6060028,-2.3868599
319,0,0,0,8787.184405059999335,2001.4200439,19.9398994,28.6746006,1.1342500
320,0,0,0,8787.184405059999335,2001.4200439,19.9398994,28.6746006,1.1342500
321,0,0,0,6797.753836840000076,1386.0600586,10.1206999,333.0069885,-0.0000000
322,0,0,0,6445.945301300000210,1329.4599609,11.3171997,326.0669861,-1.9200000
323,0,0,0,6364.558428989999811,1867.4300537,28.1140003,9.3523397,-0.1342280
324,0,0,0,5051.525183339999785,1615.4100342,23.6942005,1.3577200,-0.1784010
325,0,0,0,7029.359193960000084,1229.1400146,35.3352013,220.2649994,-0.7504650
326,0,0,0,7961.569192420000036,1646.5899658,39.9080009,225.5939941,-1.5519500
327,0,0,0,11290.663226799999393,1750.9200439,22.1970005,282.6679993,0.6215770
328,0,0,0,12038.612450799999351,1585.3299561,27.8526993,22.7280006,-0.5679850
329,0,0,0,10999.878831500000160,2067.8898926,31.2935009,187.5740051,-1.7348100
330,0,0,0,10049.973314200000459,2048.0500488,30.2404003,230.1779938,-1.4390301
331,0,0,0,11095.596328800000265,2085.9599609,37.4300003,142.6470032,1.0072300
332,0,0,0,9309.067513179999878,1746.4100342,35.7793007,299.2560120,0.9057100
333,0,0,0,11274.750952799999141,2031.5600586,44.6874008,133.7220001,-2.1896000
334,0,0,0,8276.595026040000448,2158.4099121,46.7597008,300.9419861,2.0493701
335,0,0,6,13397.068084200000158,1586.8399658,18.3195000,340.3580017,-0.4896630
336,0,0,0,11813.035284699999465,1917.6099854,35.0060997,198.2200012,0.7437120
337,0,0,0,11813.035284699999465,1917.6099854,35.0060997,198.2200012,0.7437120
338,0,0,6,10547.538580599999477,1698.8100586,30.2308998,257.3680115,-0.1509550
339,0,0,6,12975.973846700000649,1518.7800293,20.7105007,40.7224998,-0.2163180
340,0,0,6,10370.356608399999459,1290.3000488,14.9749002,296.0729980,-0.8153520
341,0,0,5,10320.826893800000107,2056.9499512,16.3673992,234.9120026,-0.2087010
342,0,0,5,10320.826893800000107,2056.9499512,16.3673992,234.9120026,-0.2087010
343,0,0,5,3540.199807550000060,1779.3800049,21.5377007,210.4589996,-0.2565320
344,0,0,5,6809.405097500000011,1454.9399414,36.0442009,243.9170074,-1.5542800
345,0,0,0,9577.608818130000145,2537.2399902,22.3871994,229.1089935,0.9221500
346,0,0,5,6327.268744140000308,1327.2299805,12.5579996,176.4739990,-0.8850190
347,0,0,5,8600.059239199999865,1832.2399902,23.9099007,138.7169952,0.3801870
348,0,0,5,8600.059239199999865,1832.2399902,23.9099007,138.7169952,0.3801870
349,0,0,5,6798.395979529999750,1599.1600342,34.8230019,89.3986969,0.9038360
350,0,0,6,8307.736205209999753,2064.0600586,22.1537991,185.5269928,0.3675620
351,0,1,6,5515.190866359999745,1503.1800537,25.6375008,5.6609101,0.6400000
352,0,1,6,5473.825498569999581,1431.4699707,30.3565998,250.7819977,1.3311599
353,0,1,6,5172.777544059999855,1705.6199951,25.7063999,279.2709961,-2.1860001
354,0,1,6,5172.777544059999855,1705.6199951,25.7063999,279.2709961,-2.1860001
355,0,1,6,5172.777544059999855,1705.6199951,25.7063999,279.2709961,-2.1860001
356,0,1,10,4815.862405009999748,1758.8900146,46.4705009,317.1919861,3.1489301
357,0,1,7,5263.265976720000253,2168.3701172,21.8304005,119.3629990,-1.2143199
358,0,1,5,4313.254614860000402,2864.2700195,23.2157993,121.6279984,-0.3132750
359,0,1,7,3963.738694560000113,3114.5100098,6.1611700,92.0963974,-0.6148440
360,0,1,7,3794.461458759999914,3167.8200684,30.5743999,162.5429993,-0.0863724
361,0,1,5,4938.418767819999630,2841.6398926,31.1245995,65.3942032,-0.0564787
362,0,1,5,4938.418767819999630,2841.6398926,31.1245995,65.3942032,-0.0564787
363,0,0,0,12298.574198099999194,1696.5200195,13.4369001,132.8910065,-2.2182500
364,0,0,0,10275.464617600000565,2190.7900391,33.9668007,339.2690125,0.6402520
365,0,0,0,10275.464617600000565,2190.7900391,33.9668007,339.2690125,0.6402520
366,0,0,0,6360.079105969999546,1815.8599854,25.7299004,250.8869934,-0.1042790
367,0,0,0,8146.652793770000244,2236.5700684,19.6152000,170.1799927,-0.9992760
368,0,0,0,8674.376441390000764,2113.8100586,23.6292000,269.8129883,1.5709500
369,0,0,0,8456.444894079999358,1710.6600342,4.2174501,307.2130127,1.0435300
370,0,0,0,9363.932271280000350,1902.9100342,24.2120991,271.5159912,-0.5518350
371,0,0,0,9363.932271280000350,1902.9100342,24.2120991,271.5159912,-0.5518350
372,0,0,0,7751.715059989999645,2033.6999512,24.3561993,265.2950134,-3.1890500
373,0,0,0,8845.011076749999120,1617.1999512,25.4556007,151.3220062,-0.7522440
374,0,0,0,5767.235029200000099,2087.1899414,26.3129005,317.2200012,0.4980550
375,0,0,24,4023.502012349999859,1839.5200195,34.7547989,175.5299988,-0.4551940
376,0,0,24,4841.956973899999866,2282.3300781,34.7965012,174.8119965,-0.7490340
377,0,0,24,5378.281240899999830,1991.6800537,24.4302998,151.2290039,-1.2277300
378,0,0,24,4701.335849099999905,2220.9099121,44.5814018,62.4571991,-0.6656580
379,0,0,24,4539.290686649999770,1751.4200439,36.0892982,131.0930023,-6.0575199
380,0,0,24,9895.754801990000487,1619.7399902,36.3384018,199.9100037,0.3484950
381,0,0,24,10431.048903799999607,1909.5100098,27.2740002,180.1959991,-1.2361100
382,0,0,24,11524.107996599999751,2006.9899902,21.7893009,210.6349945,-0.0594939
383,0,0,24,11581.552258600000641,2330.5100098,23.4104996,261.2049866,1.0871300
384,0,0,24,6400.797140059999947,2098.9299316,16.6639996,96.3492966,1.4584600
385,0,0,24,5455.626857770000242,1786.7700195,25.1970005,152.8639984,0.6241570
386,0,0,25,1799.170265010000094,1810.7199707,7.6316800,347.2439880,0.8225920
387,0,0,25,1603.806475050000017,1757.9200439,7.5454402,310.6109924,-1.2136600
388,0,0,25,4050.812634200000048,2109.8000488,31.0053005,243.2689972,-1.8937401
389,0,0,25,5300.262317319999966,2054.7099609,34.8345985,5.7159200,1.6333100
390,0,0,24,3942.299551269999938,1512.0799561,4.8694401,155.9530029,0.1201970
391,0,0,24,5762.646243680000225,1536.4000244,12.1617002,329.2070007,1.1584700
392,0,0,25,1369.429745919999959,1588.2500000,28.8868999,162.9779968,-0.2454750
393,0,0,24,11142.750764700000218,1572.8800049,45.6590996,7.9421802,1.9925400
394,0,0,24,9726.219386000000668,1822.4100342,29.9389000,134.3229980,-1.5173700
395,0,0,24,9961.327674489999481,1593.7700195,24.7866993,122.4520035,-1.1953700
396,0,0,24,8951.853939000000537,1750.8800049,28.3066998,292.2919922,2.2878001
397,0,0,24,8057.827578100000210,1991.7500000,13.3726997,137.9069977,1.9240600
398,0,0,24,9118.974079620000339,1994.5400391,12.3332005,143.2290039,-1.0254400
399,0,0,24,6445.427981789999649,1954.7700195,25.7602005,37.4156990,1.1408800
400,0,0,24,3942.299551269999938,1512.0799561,4.8694401,155.9530029,0.1201970
401,0,0,25,4594.702748020000399,2465.4799805,7.9143400,137.9440002,-0.1625300
402,0,0,25,4594.702748020000399,2465.4799805,7.9143400,137.9440002,-0.1625300
403,0,0,28,6574.948910170000090,2485.8300781,30.2952003,283.8989868,0.9986050
404,0,0,25,7925.281683569999586,1986.0400391,21.9696007,348.6799927,-0.2119070
405,0,0,24,6688.322092669999620,1496.4799805,8.0220203,141.0870056,-0.5910300
406,0,0,24,7129.835557299999891,1536.3299561,27.5946999,133.6739960,-0.5286000
407,0,0,25,6914.113509329999943,1787.7600098,38.3508987,283.7369995,-0.4365710
408,0,0,28,7412.740829739999754,2354.1298828,36.4178009,320.3779907,-1.3144600
409,0,0,28,7776.650398949999726,2846.8898926,30.1898003,89.9567032,-1.6630100
410,0,0,28,7776.650398949999726,2846.8898926,30.1898003,89.9567032,-1.6630100
411,0,0,28,9401.666544649999196,2993.7700195,23.8663998,263.3240051,-0.5407360
412,0,0,28,8821.283114289999503,3026.7700195,29.3090000,324.2869873,1.4903300
413,0,0,28,7819.202979069999856,2540.2700195,26.4631004,151.8399963,1.3920600
414,0,0,28,9560.707759319999241,2583.4199219,16.8796005,152.3410034,0.6703050
415,0,0,28,10285.065952000000834,3006.7199707,25.9719009,285.2130127,-0.2924380
416,0,0,28,10285.065952000000834,3006.7199707,25.9719009,285.2130127,-0.2924380
417,0,0,28,8821.283114289999503,3026.7700195,29.3090000,324.2869873,1.4903300
418,0,0,28,10603.080687100000432,2485.4499512,23.2597008,261.3649902,0.8827260
419,0,0,28,10279.755562700000155,2340.2600098,28.8013000,335.8420105,-0.3251510
420,0,0,28,11490.252986499999679,2007.6899414,29.1385994,256.8869934,-0.1264780
421,0,0,5,3754.209299950000059,1391.2299805,31.9403992,246.5839996,-0.4004930
422,0,0,5,5143.224700519999715,1583.0200195,18.4136009,165.4900055,-0.3439060
423,0,0,5,5143.224700519999715,1583.0200195,18.4136009,165.4900055,-0.3439060
424,0,0,5,4691.096878020000077,1809.5300293,11.8811998,196.6219940,-1.6913199
425,0,0,5,4691.096878020000077,1809.5300293,11.8811998,196.6219940,-1.6913199
426,0,0,23,6450.861686109999937,2148.7600098,33.1370010,130.0350037,-1.0722700
427,0,0,23,6450.861686109999937,2148.7600098,33.1370010,130.0350037,-1.0722700
428,0,0,27,6080.249993080000422,2301.1699219,17.0123005,251.8390045,0.0819836
429,0,0,28,7006.228639680000015,2459.9299316,9.0883503,332.7460022,0.0002025
430,0,0,28,7006.228639680000015,2459.9299316,9.0883503,332.7460022,0.0002025
431,0,0,28,4048.219560659999843,2035.0500488,25.8808002,347.8169861,-0.8952290
432,0,1,28,2920.147735689999990,2386.8200684,24.4044991,221.8500061,-0.3767940
433,0,0,27,6080.249993080000422,2301.1699219,17.0123005,251.8390045,0.0819836
434,0,0,27,3984.689188549999926,2363.8200684,19.4887009,220.4929962,-0.1699340
435,0,0,27,2467.590296899999885,2040.5100098,19.6350994,308.7640076,-0.5674880
436,0,0,27,2689.140620449999915,2101.4299316,15.9270000,217.6250000,0.5132190
437,0,0,27,2901.388562499999807,2182.2700195,34.3755989,285.7980042,0.2863770
438,0,0,25,3111.983157369999844,2212.0600586,26.6247005,277.7019958,-0.2133700
439,0,1,27,3328.502847830000064,2056.0500488,25.6564999,124.3330002,0.3782550
440,0,1,27,3328.502847830000064,2056.0500488,25.6564999,124.3330002,0.3782550
441,0,0,27,2349.886050200000227,2308.1298828,31.0963001,225.6399994,1.3206700
442,0,0,25,1520.148846649999996,1985.0999756,30.1403008,49.5575981,-0.0293057
443,0,0,25,1520.148846649999996,1985.0999756,30.1403008,49.5575981,-0.0293057
444,0,0,25,0.000000000000000,1592.1500244,37.3181992,203.1660004,-0.3546770
445,0,0,26,3376.425982490000024,2465.1298828,30.1905994,282.7260132,0.3819310
446,0,0,24,5358.135839919999853,1948.3199463,34.7197990,29.4316006,1.6490500
447,0,0,24,7665.538349260000359,2439.9299316,39.4788017,289.9710083,0.5572220
448,0,0,0,9577.608818130000145,2537.2399902,22.3871994,229.1089935,0.9221500
449,0,0,5,9508.767269609999857,2415.1599121,18.0471992,234.4889984,0.5857000
450,0,0,5,10100.595078500000454,2424.8601074,14.9552002,127.9550018,-0.3287920
451,0,0,0,10480.211848900000405,2518.2800293,27.3307991,279.2630005,0.0894955